,strata,country,age_gender,urbanisation,education,population,pop_country,margins
1,1,Austria,1,1,1,63616,7321812,0.00868856
2,2,Austria,1,1,2,15018,7321812,0.002051132
3,3,Austria,1,2,1,233768,7321812,0.031927616
4,4,Austria,1,2,2,55185,7321812,0.007537069
5,5,Austria,2,1,1,251198,7321812,0.034308174
6,6,Austria,2,1,2,142013,7321812,0.019395882
7,7,Austria,2,2,1,141969,7321812,0.019389872
8,8,Austria,2,2,2,80261,7321812,0.010961904
9,9,Austria,3,1,1,218829,7321812,0.029887274
10,10,Austria,3,1,2,127108,7321812,0.017360184
11,11,Austria,3,2,1,151738,7321812,0.020724105
12,12,Austria,3,2,2,88138,7321812,0.012037731
13,13,Austria,4,1,1,297805,7321812,0.040673675
14,14,Austria,4,1,2,143102,7321812,0.019544615
15,15,Austria,4,2,1,160607,7321812,0.021935417
16,16,Austria,4,2,2,77175,7321812,0.010540424
17,17,Austria,5,1,1,371845,7321812,0.050785926
18,18,Austria,5,1,2,155103,7321812,0.021183691
19,19,Austria,5,2,1,49088,7321812,0.006704351
20,20,Austria,5,2,2,20475,7321812,0.002796439
21,21,Austria,6,1,1,340000,7321812,0.046436592
22,22,Austria,6,1,2,137941,7321812,0.018839735
23,23,Austria,6,2,1,174116,7321812,0.023780452
24,24,Austria,6,2,2,70641,7321812,0.009648022
25,25,Austria,7,1,1,79332,7321812,0.010835023
26,26,Austria,7,1,2,28378,7321812,0.003875817
27,27,Austria,7,2,1,174709,7321812,0.023861443
28,28,Austria,7,2,2,62496,7321812,0.008535592
29,29,Austria,8,1,1,234817,7321812,0.032070886
30,30,Austria,8,1,2,191354,7321812,0.026134787
31,31,Austria,8,2,1,91058,7321812,0.012436539
32,32,Austria,8,2,2,74204,7321812,0.01013465
33,33,Austria,9,1,1,238514,7321812,0.032575816
34,34,Austria,9,1,2,148131,7321812,0.020231467
35,35,Austria,9,2,1,119771,7321812,0.016358109
36,36,Austria,9,2,2,74385,7321812,0.01015937
37,37,Austria,10,1,1,368903,7321812,0.050384113
38,38,Austria,10,1,2,134522,7321812,0.018372774
39,39,Austria,10,2,1,128992,7321812,0.017617497
40,40,Austria,10,2,2,47037,7321812,0.006424229
41,41,Austria,11,1,1,359925,7321812,0.049157913
42,42,Austria,11,1,2,81074,7321812,0.011072942
43,43,Austria,11,2,1,140882,7321812,0.019241412
44,44,Austria,11,2,2,31734,7321812,0.004334173
45,45,Austria,12,1,1,497345,7321812,0.067926491
46,46,Austria,12,1,2,95681,7321812,0.01306794
47,47,Austria,12,2,1,295064,7321812,0.040299314
48,48,Austria,12,2,2,56765,7321812,0.007752862
49,1,Belgium,1,1,1,84414,9140531,0.009235131
50,2,Belgium,1,1,2,15218,9140531,0.001664892
51,3,Belgium,1,2,1,317030,9140531,0.034683981
52,4,Belgium,1,2,2,57152,9140531,0.006252591
53,5,Belgium,2,1,1,169309,9140531,0.018522885
54,6,Belgium,2,1,2,115507,9140531,0.012636793
55,7,Belgium,2,2,1,272421,9140531,0.02980363
56,8,Belgium,2,2,2,185853,9140531,0.020332845
57,9,Belgium,3,1,1,173530,9140531,0.018984674
58,10,Belgium,3,1,2,118762,9140531,0.012992899
59,11,Belgium,3,2,1,269196,9140531,0.029450805
60,12,Belgium,3,2,2,184235,9140531,0.020155831
61,13,Belgium,4,1,1,53277,9140531,0.005828655
62,14,Belgium,4,1,2,30269,9140531,0.003311514
63,15,Belgium,4,2,1,456747,9140531,0.049969416
64,16,Belgium,4,2,2,259499,9140531,0.028389926
65,17,Belgium,5,1,1,200909,9140531,0.021980014
66,18,Belgium,5,1,2,87915,9140531,0.00961815
67,19,Belgium,5,2,1,317911,9140531,0.034780365
68,20,Belgium,5,2,2,139113,9140531,0.015219357
69,21,Belgium,6,1,1,414580,9140531,0.045356227
70,22,Belgium,6,1,2,172900,9140531,0.01891575
71,23,Belgium,6,2,1,257514,9140531,0.028172762
72,24,Belgium,6,2,2,107396,9140531,0.011749427
73,25,Belgium,7,1,1,192431,9140531,0.021052497
74,26,Belgium,7,1,2,64409,9140531,0.007046527
75,27,Belgium,7,2,1,147771,9140531,0.016166566
76,28,Belgium,7,2,2,49461,9140531,0.005411174
77,29,Belgium,8,1,1,181319,9140531,0.019836813
78,30,Belgium,8,1,2,214693,9140531,0.023488023
79,31,Belgium,8,2,1,157608,9140531,0.017242762
80,32,Belgium,8,2,2,186617,9140531,0.020416429
81,33,Belgium,9,1,1,193162,9140531,0.02113247
82,34,Belgium,9,1,2,201890,9140531,0.022087338
83,35,Belgium,9,2,1,167409,9140531,0.018315019
84,36,Belgium,9,2,2,174973,9140531,0.019142542
85,37,Belgium,10,1,1,156990,9140531,0.017175151
86,38,Belgium,10,1,2,111176,9140531,0.01216297
87,39,Belgium,10,2,1,300028,9140531,0.032823914
88,40,Belgium,10,2,2,212471,9140531,0.02324493
89,41,Belgium,11,1,1,249239,9140531,0.027267453
90,42,Belgium,11,1,2,111901,9140531,0.012242287
91,43,Belgium,11,2,1,272429,9140531,0.029804505
92,44,Belgium,11,2,2,122313,9140531,0.013381389
93,45,Belgium,12,1,1,504987,9140531,0.055247009
94,46,Belgium,12,1,2,188479,9140531,0.020620137
95,47,Belgium,12,2,1,377297,9140531,0.041277361
96,48,Belgium,12,2,2,140821,9140531,0.015406217
97,1,Bulgaria,1,1,1,44604,5810090,0.00767699
98,2,Bulgaria,1,1,2,2038,5810090,0.000350769
99,3,Bulgaria,1,2,1,170946,5810090,0.029422264
100,4,Bulgaria,1,2,2,7809,5810090,0.001344041
101,5,Bulgaria,2,1,1,251846,5810090,0.043346316
102,6,Bulgaria,2,1,2,94673,5810090,0.016294584
103,7,Bulgaria,2,2,1,84810,5810090,0.01459702
104,8,Bulgaria,2,2,2,31881,5810090,0.005487178
105,9,Bulgaria,3,1,1,174594,5810090,0.030050137
106,10,Bulgaria,3,1,2,47275,5810090,0.008136707
107,11,Bulgaria,3,2,1,245550,5810090,0.042262684
108,12,Bulgaria,3,2,2,66487,5810090,0.011443368
109,13,Bulgaria,4,1,1,41282,5810090,0.007105226
110,14,Bulgaria,4,1,2,10663,5810090,0.001835256
111,15,Bulgaria,4,2,1,357501,5810090,0.061531061
112,16,Bulgaria,4,2,2,92337,5810090,0.015892525
113,17,Bulgaria,5,1,1,139053,5810090,0.02393302
114,18,Bulgaria,5,1,2,34350,5810090,0.005912129
115,19,Bulgaria,5,2,1,229251,5810090,0.039457392
116,20,Bulgaria,5,2,2,56632,5810090,0.009747181
117,21,Bulgaria,6,1,1,319662,5810090,0.055018425
118,22,Bulgaria,6,1,2,73384,5810090,0.012630441
119,23,Bulgaria,6,2,1,168304,5810090,0.028967538
120,24,Bulgaria,6,2,2,38637,5810090,0.006649983
121,25,Bulgaria,7,1,1,118476,5810090,0.020391423
122,26,Bulgaria,7,1,2,9717,5810090,0.001672435
123,27,Bulgaria,7,2,1,78374,5810090,0.013489292
124,28,Bulgaria,7,2,2,6428,5810090,0.001106351
125,29,Bulgaria,8,1,1,101391,5810090,0.017450848
126,30,Bulgaria,8,1,2,70733,5810090,0.012174166
127,31,Bulgaria,8,2,1,155390,5810090,0.026744852
128,32,Bulgaria,8,2,2,108405,5810090,0.018658059
129,33,Bulgaria,9,1,1,192498,5810090,0.033131673
130,34,Bulgaria,9,1,2,114757,5810090,0.019751329
131,35,Bulgaria,9,2,1,121007,5810090,0.020827044
132,36,Bulgaria,9,2,2,72138,5810090,0.012415987
133,37,Bulgaria,10,1,1,175205,5810090,0.030155299
134,38,Bulgaria,10,1,2,83446,5810090,0.014362256
135,39,Bulgaria,10,2,1,153777,5810090,0.026467232
136,40,Bulgaria,10,2,2,73241,5810090,0.012605829
137,41,Bulgaria,11,1,1,286826,5810090,0.049366877
138,42,Bulgaria,11,1,2,105484,5810090,0.018155313
139,43,Bulgaria,11,2,1,77717,5810090,0.013376213
140,44,Bulgaria,11,2,2,28581,5810090,0.004919201
141,45,Bulgaria,12,1,1,367183,5810090,0.063197472
142,46,Bulgaria,12,1,2,112002,5810090,0.019277154
143,47,Bulgaria,12,2,1,317039,5810090,0.054566969
144,48,Bulgaria,12,2,2,96706,5810090,0.016644493
145,1,Croatia,1,1,1,62072,3370617,0.018415619
146,2,Croatia,1,1,2,3427,3370617,0.001016728
147,3,Croatia,1,2,1,97525,3370617,0.028933872
148,4,Croatia,1,2,2,5384,3370617,0.001597334
149,5,Croatia,2,1,1,138935,3370617,0.041219456
150,6,Croatia,2,1,2,54716,3370617,0.01623323
151,7,Croatia,2,2,1,45230,3370617,0.013418908
152,8,Croatia,2,2,2,17813,3370617,0.005284789
153,9,Croatia,3,1,1,100967,3370617,0.02995505
154,10,Croatia,3,1,2,32919,3370617,0.009766461
155,11,Croatia,3,2,1,112687,3370617,0.033432158
156,12,Croatia,3,2,2,36740,3370617,0.010900081
157,13,Croatia,4,1,1,147625,3370617,0.043797619
158,14,Croatia,4,1,2,30450,3370617,0.009033954
159,15,Croatia,4,2,1,80224,3370617,0.023800984
160,16,Croatia,4,2,2,16547,3370617,0.00490919
161,17,Croatia,5,1,1,191033,3370617,0.056675974
162,18,Croatia,5,1,2,45344,3370617,0.01345273
163,19,Croatia,5,2,1,40337,3370617,0.011967245
164,20,Croatia,5,2,2,9575,3370617,0.002840726
165,21,Croatia,6,1,1,163859,3370617,0.048613948
166,22,Croatia,6,1,2,41487,3370617,0.012308429
167,23,Croatia,6,2,1,107640,3370617,0.031934806
168,24,Croatia,6,2,2,27253,3370617,0.008085463
169,25,Croatia,7,1,1,55093,3370617,0.016345079
170,26,Croatia,7,1,2,6194,3370617,0.001837646
171,27,Croatia,7,2,1,87751,3370617,0.026034106
172,28,Croatia,7,2,2,9866,3370617,0.002927061
173,29,Croatia,8,1,1,57776,3370617,0.017141075
174,30,Croatia,8,1,2,43293,3370617,0.012844236
175,31,Croatia,8,2,1,82133,3370617,0.024367349
176,32,Croatia,8,2,2,61544,3370617,0.018258972
177,33,Croatia,9,1,1,80679,3370617,0.023935974
178,34,Croatia,9,1,2,43226,3370617,0.012824358
179,35,Croatia,9,2,1,97799,3370617,0.029015163
180,36,Croatia,9,2,2,52398,3370617,0.015545522
181,37,Croatia,10,1,1,65929,3370617,0.01955992
182,38,Croatia,10,1,2,17002,3370617,0.00504418
183,39,Croatia,10,2,1,154479,3370617,0.045831075
184,40,Croatia,10,2,2,39838,3370617,0.011819201
185,41,Croatia,11,1,1,104768,3370617,0.031082736
186,42,Croatia,11,1,2,23305,3370617,0.006914164
187,43,Croatia,11,2,1,146859,3370617,0.043570361
188,44,Croatia,11,2,2,32668,3370617,0.009691994
189,45,Croatia,12,1,1,199068,3370617,0.05905981
190,46,Croatia,12,1,2,42682,3370617,0.012662963
191,47,Croatia,12,2,1,211196,3370617,0.062657964
192,48,Croatia,12,2,2,45282,3370617,0.013434336
193,1,Cyprus,1,1,1,8364,662762,0.012619915
194,2,Cyprus,1,1,2,1111,662762,0.001676318
195,3,Cyprus,1,2,1,27251,662762,0.041117324
196,4,Cyprus,1,2,2,3620,662762,0.005461991
197,5,Cyprus,2,1,1,26122,662762,0.039413847
198,6,Cyprus,2,1,2,26045,662762,0.039297666
199,7,Cyprus,2,2,1,10174,662762,0.01535091
200,8,Cyprus,2,2,2,10144,662762,0.015305645
201,9,Cyprus,3,1,1,15196,662762,0.022928291
202,10,Cyprus,3,1,2,11246,662762,0.016968384
203,11,Cyprus,3,2,1,19238,662762,0.029027011
204,12,Cyprus,3,2,2,14237,662762,0.021481316
205,13,Cyprus,4,1,1,22828,662762,0.034443737
206,14,Cyprus,4,1,2,11094,662762,0.016739041
207,15,Cyprus,4,2,1,12798,662762,0.019310099
208,16,Cyprus,4,2,2,6219,662762,0.009383459
209,17,Cyprus,5,1,1,28268,662762,0.042651812
210,18,Cyprus,5,1,2,11692,662762,0.017641325
211,19,Cyprus,5,2,1,7671,662762,0.011574291
212,20,Cyprus,5,2,2,3173,662762,0.004787541
213,21,Cyprus,6,1,1,21211,662762,0.032003947
214,22,Cyprus,6,1,2,7917,662762,0.011945465
215,23,Cyprus,6,2,1,26130,662762,0.039425918
216,24,Cyprus,6,2,2,9753,662762,0.014715668
217,25,Cyprus,7,1,1,12101,662763,0.018258412
218,26,Cyprus,7,1,2,6891,662764,0.010397366
219,27,Cyprus,7,2,1,15789,662765,0.023822924
220,28,Cyprus,7,2,2,8991,662766,0.013565874
221,29,Cyprus,8,1,1,4619,662762,0.006969319
222,30,Cyprus,8,1,2,9164,662762,0.013826985
223,31,Cyprus,8,2,1,20618,662762,0.031109207
224,32,Cyprus,8,2,2,40901,662762,0.061712953
225,33,Cyprus,9,1,1,15351,662762,0.023162161
226,34,Cyprus,9,1,2,18818,662762,0.0283933
227,35,Cyprus,9,2,1,12904,662762,0.019470036
228,36,Cyprus,9,2,2,15818,662762,0.023866788
229,37,Cyprus,10,1,1,20749,662762,0.031306864
230,38,Cyprus,10,1,2,12568,662762,0.018963067
231,39,Cyprus,10,2,1,13495,662762,0.020361759
232,40,Cyprus,10,2,2,8174,662762,0.012333236
233,41,Cyprus,11,1,1,17393,662762,0.026243206
234,42,Cyprus,11,1,2,6234,662762,0.009406091
235,43,Cyprus,11,2,1,20966,662762,0.031634282
236,44,Cyprus,11,2,2,7515,662762,0.011338912
237,45,Cyprus,12,1,1,30530,662762,0.046064802
238,46,Cyprus,12,1,2,8296,662762,0.012517314
239,47,Cyprus,12,2,1,29210,662762,0.044073136
240,48,Cyprus,12,2,2,7937,662762,0.011975641
241,1,Czechia,1,1,1,81882,8674055,0.009439876
242,2,Czechia,1,1,2,5346,8674055,0.000616321
243,3,Czechia,1,2,1,247344,8674055,0.028515383
244,4,Czechia,1,2,2,16149,8674055,0.001861759
245,5,Czechia,2,1,1,129877,8674055,0.014973043
246,6,Czechia,2,1,2,46376,8674055,0.005346519
247,7,Czechia,2,2,1,398619,8674055,0.045955323
248,8,Czechia,2,2,2,142337,8674055,0.016409511
249,9,Czechia,3,1,1,246643,8674055,0.028434567
250,10,Czechia,3,1,2,80322,8674055,0.009260029
251,11,Czechia,3,2,1,422927,8674055,0.048757703
252,12,Czechia,3,2,2,137731,8674055,0.015878502
253,13,Czechia,4,1,1,146421,8674055,0.01688034
254,14,Czechia,4,1,2,34314,8674055,0.003955935
255,15,Czechia,4,2,1,466413,8674055,0.053771045
256,16,Czechia,4,2,2,109303,8674055,0.012601142
257,17,Czechia,5,1,1,127682,8674055,0.01471999
258,18,Czechia,5,1,2,30379,8674055,0.003502284
259,19,Czechia,5,2,1,391530,8674055,0.045138058
260,20,Czechia,5,2,2,93157,8674055,0.010739729
261,21,Czechia,6,1,1,319105,8674055,0.036788446
262,22,Czechia,6,1,2,68543,8674055,0.007902071
263,23,Czechia,6,2,1,402577,8674055,0.046411626
264,24,Czechia,6,2,2,86473,8674055,0.009969155
265,25,Czechia,7,1,1,104629,8674055,0.012062294
266,26,Czechia,7,1,2,12909,8674055,0.001488231
267,27,Czechia,7,2,1,191466,8674055,0.022073413
268,28,Czechia,7,2,2,23622,8674055,0.002723294
269,29,Czechia,8,1,1,187902,8674055,0.021662533
270,30,Czechia,8,1,2,129145,8674055,0.014888654
271,31,Czechia,8,2,1,213307,8674055,0.024591382
272,32,Czechia,8,2,2,146605,8674055,0.016901553
273,33,Czechia,9,1,1,432699,8674055,0.049884281
274,34,Czechia,9,1,2,177174,8674055,0.020425741
275,35,Czechia,9,2,1,160970,8674055,0.018557641
276,36,Czechia,9,2,2,65911,8674055,0.007598638
277,37,Czechia,10,1,1,247393,8674055,0.028521032
278,38,Czechia,10,1,2,57551,8674055,0.006634844
279,39,Czechia,10,2,1,338793,8674055,0.039058203
280,40,Czechia,10,2,2,78814,8674055,0.009086177
281,41,Czechia,11,1,1,218569,8674055,0.025198019
282,42,Czechia,11,1,2,39684,8674055,0.004575023
283,43,Czechia,11,2,1,343754,8674055,0.039630138
284,44,Czechia,11,2,2,62412,8674055,0.007195251
285,45,Czechia,12,1,1,590142,8674055,0.068035308
286,46,Czechia,12,1,2,85464,8674055,0.009852831
287,47,Czechia,12,2,1,466178,8674055,0.053743953
288,48,Czechia,12,2,2,67512,8674055,0.007783211
289,1,Denmark,1,1,1,136371,4644593,0.029361238
290,2,Denmark,1,1,2,7826,4644593,0.00168497
291,3,Denmark,1,2,1,119957,4644593,0.025827236
292,4,Denmark,1,2,2,6884,4644593,0.001482154
293,5,Denmark,2,1,1,96476,4644593,0.02077168
294,6,Denmark,2,1,2,60880,4644593,0.013107715
295,7,Denmark,2,2,1,136062,4644593,0.029294709
296,8,Denmark,2,2,2,85860,4644593,0.018486012
297,9,Denmark,3,1,1,54549,4644593,0.011744624
298,10,Denmark,3,1,2,36428,4644593,0.007843098
299,11,Denmark,3,2,1,158169,4644593,0.034054437
300,12,Denmark,3,2,2,105625,4644593,0.022741497
301,13,Denmark,4,1,1,162632,4644593,0.035015339
302,14,Denmark,4,1,2,78056,4644593,0.016805778
303,15,Denmark,4,2,1,113140,4644593,0.024359508
304,16,Denmark,4,2,2,54302,4644593,0.011691444
305,17,Denmark,5,1,1,136723,4644593,0.029437025
306,18,Denmark,5,1,2,47323,4644593,0.010188837
307,19,Denmark,5,2,1,129480,4644593,0.027877577
308,20,Denmark,5,2,2,44816,4644593,0.009649069
309,21,Denmark,6,1,1,209605,4644593,0.04512882
310,22,Denmark,6,1,2,71179,4644593,0.015325132
311,23,Denmark,6,2,1,180334,4644593,0.038826653
312,24,Denmark,6,2,2,61239,4644593,0.013185009
313,25,Denmark,7,1,1,79608,4644593,0.01713993
314,26,Denmark,7,1,2,6941,4644593,0.001494426
315,27,Denmark,7,2,1,159038,4644593,0.034241536
316,28,Denmark,7,2,2,13866,4644593,0.002985407
317,29,Denmark,8,1,1,18615,4644593,0.004007886
318,30,Denmark,8,1,2,23009,4644593,0.004953932
319,31,Denmark,8,2,1,144119,4644593,0.031029414
320,32,Denmark,8,2,2,178143,4644593,0.038354922
321,33,Denmark,9,1,1,119265,4644593,0.025678246
322,34,Denmark,9,1,2,129300,4644593,0.027838822
323,35,Denmark,9,2,1,48997,4644593,0.010549256
324,36,Denmark,9,2,2,53119,4644593,0.011436739
325,37,Denmark,10,1,1,140520,4644593,0.030254535
326,38,Denmark,10,1,2,95563,4644593,0.020575107
327,39,Denmark,10,2,1,99192,4644593,0.021356446
328,40,Denmark,10,2,2,67457,4644593,0.01452377
329,41,Denmark,11,1,1,159148,4644593,0.03426522
330,42,Denmark,11,1,2,84920,4644593,0.018283626
331,43,Denmark,11,2,1,76456,4644593,0.016461292
332,44,Denmark,11,2,2,40797,4644593,0.008783762
333,45,Denmark,12,1,1,181341,4644593,0.039043464
334,46,Denmark,12,1,2,82421,4644593,0.017745581
335,47,Denmark,12,2,1,239835,4644593,0.051637463
336,48,Denmark,12,2,2,109007,4644593,0.023469656
337,1,Estonia,1,1,1,9865,1070244,0.009217524
338,2,Estonia,1,1,2,534,1070244,0.000498952
339,3,Estonia,1,2,1,33310,1070244,0.031123744
340,4,Estonia,1,2,2,1803,1070244,0.001684663
341,5,Estonia,2,1,1,19021,1070244,0.017772583
342,6,Estonia,2,1,2,9874,1070244,0.009225934
343,7,Estonia,2,2,1,45718,1070244,0.042717362
344,8,Estonia,2,2,2,23732,1070244,0.022174383
345,9,Estonia,3,1,1,11021,1070244,0.010297652
346,10,Estonia,3,1,2,5564,1070244,0.005198814
347,11,Estonia,3,2,1,51850,1070244,0.048446896
348,12,Estonia,3,2,2,26177,1070244,0.024458908
349,13,Estonia,4,1,1,44940,1070244,0.041990425
350,14,Estonia,4,1,2,16591,1070244,0.015502072
351,15,Estonia,4,2,1,18341,1070244,0.017137214
352,16,Estonia,4,2,2,6771,1070244,0.006326595
353,17,Estonia,5,1,1,43468,1070244,0.040615037
354,18,Estonia,5,1,2,17033,1070244,0.015915062
355,19,Estonia,5,2,1,13752,1070244,0.012849406
356,20,Estonia,5,2,2,5389,1070244,0.0050353
357,21,Estonia,6,1,1,29844,1070244,0.02788523
358,22,Estonia,6,1,2,12236,1070244,0.011432907
359,23,Estonia,6,2,1,34103,1070244,0.031864696
360,24,Estonia,6,2,2,13982,1070244,0.013064311
361,25,Estonia,7,1,1,21878,1070244,0.020442067
362,26,Estonia,7,1,2,2557,1070244,0.002389175
363,27,Estonia,7,2,1,16966,1070244,0.01585246
364,28,Estonia,7,2,2,1983,1070244,0.001852849
365,29,Estonia,8,1,1,4154,1070244,0.003881358
366,30,Estonia,8,1,2,4876,1070244,0.00455597
367,31,Estonia,8,2,1,36955,1070244,0.034529509
368,32,Estonia,8,2,2,43378,1070244,0.040530944
369,33,Estonia,9,1,1,33633,1070244,0.031425544
370,34,Estonia,9,1,2,41088,1070244,0.038391245
371,35,Estonia,9,2,1,6443,1070244,0.006020123
372,36,Estonia,9,2,2,7871,1070244,0.007354398
373,37,Estonia,10,1,1,39511,1070244,0.03691775
374,38,Estonia,10,1,2,38975,1070244,0.036416929
375,39,Estonia,10,2,1,4694,1070244,0.004385916
376,40,Estonia,10,2,2,4630,1070244,0.004326116
377,41,Estonia,11,1,1,33280,1070244,0.031095713
378,42,Estonia,11,1,2,28988,1070244,0.027085412
379,43,Estonia,11,2,1,17057,1070244,0.015937487
380,44,Estonia,11,2,2,14858,1070244,0.013882816
381,45,Estonia,12,1,1,48541,1070244,0.045355078
382,46,Estonia,12,1,2,36960,1070244,0.034534181
383,47,Estonia,12,2,1,48852,1070244,0.045645666
384,48,Estonia,12,2,2,37197,1070244,0.034755626
385,1,Finland,1,1,1,134432,4458940,0.030148869
386,2,Finland,1,1,2,3500,4458940,0.00078494
387,3,Finland,1,2,1,86529,4458940,0.019405733
388,4,Finland,1,2,2,2253,4458940,0.000505277
389,5,Finland,2,1,1,149085,4458940,0.033435076
390,6,Finland,2,1,2,72047,4458940,0.016157876
391,7,Finland,2,2,1,95961,4458940,0.021521034
392,8,Finland,2,2,2,46374,4458940,0.01040023
393,9,Finland,3,1,1,181339,4458940,0.040668634
394,10,Finland,3,1,2,125742,4458940,0.028199976
395,11,Finland,3,2,1,30716,4458940,0.006888633
396,12,Finland,3,2,2,21299,4458940,0.004776696
397,13,Finland,4,1,1,123362,4458940,0.027666217
398,14,Finland,4,1,2,82753,4458940,0.018558895
399,15,Finland,4,2,1,82451,4458940,0.018491166
400,16,Finland,4,2,2,55309,4458940,0.012404069
401,17,Finland,5,1,1,68999,4458940,0.015474306
402,18,Finland,5,1,2,35206,4458940,0.007895599
403,19,Finland,5,2,1,169514,4458940,0.038016659
404,20,Finland,5,2,2,86493,4458940,0.01939766
405,21,Finland,6,1,1,225232,4458940,0.050512454
406,22,Finland,6,1,2,111318,4458940,0.024965126
407,23,Finland,6,2,1,128552,4458940,0.02883017
408,24,Finland,6,2,2,63535,4458940,0.014248902
409,25,Finland,7,1,1,120296,4458940,0.026978609
410,26,Finland,7,1,2,9883,4458940,0.002216446
411,27,Finland,7,2,1,77430,4458940,0.017365114
412,28,Finland,7,2,2,6361,4458940,0.001426572
413,29,Finland,8,1,1,38281,4458940,0.008585224
414,30,Finland,8,1,2,36110,4458940,0.008098337
415,31,Finland,8,2,1,137605,4458940,0.030860474
416,32,Finland,8,2,2,129805,4458940,0.029111179
417,33,Finland,9,1,1,47706,4458940,0.010698955
418,34,Finland,9,1,2,71914,4458940,0.016128048
419,35,Finland,9,2,1,87499,4458940,0.019623274
420,36,Finland,9,2,2,131901,4458940,0.029581246
421,37,Finland,10,1,1,89956,4458940,0.020174302
422,38,Finland,10,1,2,113115,4458940,0.025368137
423,39,Finland,10,2,1,58996,4458940,0.013230947
424,40,Finland,10,2,2,74185,4458940,0.016637362
425,41,Finland,11,1,1,111322,4458940,0.024966023
426,42,Finland,11,1,2,93100,4458940,0.020879402
427,43,Finland,11,2,1,90487,4458940,0.020293388
428,44,Finland,11,2,2,75675,4458940,0.016971522
429,45,Finland,12,1,1,269205,4458940,0.060374214
430,46,Finland,12,1,2,170551,4458940,0.038249225
431,47,Finland,12,2,1,144200,4458940,0.032339525
432,48,Finland,12,2,2,91356,4458940,0.020488277
433,1,France,1,1,1,1227194,52446085,0.023399154
434,2,France,1,1,2,288316,52446085,0.005497379
435,3,France,1,2,1,983599,52446085,0.018754479
436,4,France,1,2,2,231086,52446085,0.004406163
437,5,France,2,1,1,533180,52446085,0.01016625
438,6,France,2,1,2,397239,52446085,0.007574236
439,7,France,2,2,1,1669446,52446085,0.031831661
440,8,France,2,2,2,1243802,52446085,0.023715822
441,9,France,3,1,1,1197252,52446085,0.022828244
442,10,France,3,1,2,811789,52446085,0.015478543
443,11,France,3,2,1,1240777,52446085,0.023658143
444,12,France,3,2,2,841301,52446085,0.016041255
445,13,France,4,1,1,1510315,52446085,0.028797478
446,14,France,4,1,2,681477,52446085,0.012993858
447,15,France,4,2,1,1552281,52446085,0.029597653
448,16,France,4,2,2,700413,52446085,0.013354915
449,17,France,5,1,1,2354731,52446085,0.044898127
450,18,France,5,1,2,717084,52446085,0.013672784
451,19,France,5,2,1,747722,52446085,0.014256965
452,20,France,5,2,2,227703,52446085,0.004341659
453,21,France,6,1,1,2315941,52446085,0.044158511
454,22,France,6,1,2,705544,52446085,0.013452749
455,23,France,6,2,1,2122933,52446085,0.040478388
456,24,France,6,2,2,646745,52446085,0.012331616
457,25,France,7,1,1,1123344,52446085,0.021419025
458,26,France,7,1,2,367824,52446085,0.007013374
459,27,France,7,2,1,867729,52446085,0.016545163
460,28,France,7,2,2,284126,52446085,0.005417487
461,29,France,8,1,1,1322984,52446085,0.025225601
462,30,France,8,1,2,1374533,52446085,0.026208496
463,31,France,8,2,1,643276,52446085,0.012265472
464,32,France,8,2,2,668341,52446085,0.012743392
465,33,France,9,1,1,1000745,52446085,0.019081405
466,34,France,9,1,2,967508,52446085,0.018447669
467,35,France,9,2,1,1161573,52446085,0.022147945
468,36,France,9,2,2,1122994,52446085,0.021412351
469,37,France,10,1,1,1445810,52446085,0.027567549
470,38,France,10,1,2,760917,52446085,0.014508557
471,39,France,10,2,1,1549514,52446085,0.029544894
472,40,France,10,2,2,815495,52446085,0.015549206
473,41,France,11,1,1,1893908,52446085,0.036111523
474,42,France,11,1,2,617119,52446085,0.011766731
475,43,France,11,2,1,1396336,52446085,0.026624218
476,44,France,11,2,2,454988,52446085,0.008675347
477,45,France,12,1,1,3690205,52446085,0.070361877
478,46,France,12,1,2,1065319,52446085,0.020312651
479,47,France,12,2,1,2253165,52446085,0.042961548
480,48,France,12,2,2,650462,52446085,0.012402489
481,1,Germany,1,1,1,1509835,69407813,0.021753099
482,2,Germany,1,1,2,76549,69407813,0.001102887
483,3,Germany,1,2,1,1636133,69407813,0.02357275
484,4,Germany,1,2,2,82953,69407813,0.001195154
485,5,Germany,2,1,1,3337449,69407813,0.04808463
486,6,Germany,2,1,2,1506732,69407813,0.021708392
487,7,Germany,2,2,1,438065,69407813,0.006311465
488,8,Germany,2,2,2,197770,69407813,0.002849391
489,9,Germany,3,1,1,346445,69407813,0.004991441
490,10,Germany,3,1,2,171516,69407813,0.002471134
491,11,Germany,3,2,1,3059589,69407813,0.044081334
492,12,Germany,3,2,2,1514725,69407813,0.021823552
493,13,Germany,4,1,1,1887429,69407813,0.027193322
494,14,Germany,4,1,2,856842,69407813,0.012345037
495,15,Germany,4,2,1,2433448,69407813,0.035060145
496,16,Germany,4,2,2,1104720,69407813,0.015916364
497,17,Germany,5,1,1,2926551,69407813,0.042164576
498,18,Germany,5,1,2,1335982,69407813,0.019248294
499,19,Germany,5,2,1,1188370,69407813,0.017121559
500,20,Germany,5,2,2,542496,69407813,0.007816065
501,21,Germany,6,1,1,3501665,69407813,0.050450588
502,22,Germany,6,1,2,1680630,69407813,0.024213845
503,23,Germany,6,2,1,1780682,69407813,0.025655354
504,24,Germany,6,2,2,854641,69407813,0.012313326
505,25,Germany,7,1,1,1166673,69407813,0.016808958
506,26,Germany,7,1,2,87066,69407813,0.001254412
507,27,Germany,7,2,1,1623750,69407813,0.02339434
508,28,Germany,7,2,2,121177,69407813,0.00174587
509,29,Germany,8,1,1,2443870,69407813,0.035210301
510,30,Germany,8,1,2,1236439,69407813,0.017814118
511,31,Germany,8,2,1,957570,69407813,0.013796285
512,32,Germany,8,2,2,484468,69407813,0.006980021
513,33,Germany,9,1,1,1686102,69407813,0.024292683
514,34,Germany,9,1,2,719867,69407813,0.010371556
515,35,Germany,9,2,1,1808701,69407813,0.02605904
516,36,Germany,9,2,2,772209,69407813,0.011125678
517,37,Germany,10,1,1,1756041,69407813,0.025300336
518,38,Germany,10,1,2,519078,69407813,0.007478668
519,39,Germany,10,2,1,3012443,69407813,0.043402073
520,40,Germany,10,2,2,890465,69407813,0.012829463
521,41,Germany,11,1,1,3048403,69407813,0.043920171
522,42,Germany,11,1,2,831002,69407813,0.011972744
523,43,Germany,11,2,1,1743929,69407813,0.025125831
524,44,Germany,11,2,2,475399,69407813,0.006849359
525,45,Germany,12,1,1,4345817,69407813,0.062612793
526,46,Germany,12,1,2,1054025,69407813,0.01518597
527,47,Germany,12,2,1,3744033,69407813,0.053942529
528,48,Germany,12,2,2,908069,69407813,0.013083095
529,1,Greece,1,1,1,72119,8853526,0.008145794
530,2,Greece,1,1,2,3395,8853526,0.000383463
531,3,Greece,1,2,1,311422,8853526,0.035174912
532,4,Greece,1,2,2,14660,8853526,0.001655837
533,5,Greece,2,1,1,87733,8853526,0.009909385
534,6,Greece,2,1,2,47158,8853526,0.005326465
535,7,Greece,2,2,1,298380,8853526,0.033701827
536,8,Greece,2,2,2,160385,8853526,0.018115381
537,9,Greece,3,1,1,267191,8853526,0.03017905
538,10,Greece,3,1,2,124111,8853526,0.014018257
539,11,Greece,3,2,1,266228,8853526,0.030070279
540,12,Greece,3,2,2,123663,8853526,0.013967655
541,13,Greece,4,1,1,126716,8853526,0.01431249
542,14,Greece,4,1,2,52923,8853526,0.005977618
543,15,Greece,4,2,1,416568,8853526,0.047051085
544,16,Greece,4,2,2,173979,8853526,0.019650815
545,17,Greece,5,1,1,313640,8853526,0.035425434
546,18,Greece,5,1,2,106323,8853526,0.012009114
547,19,Greece,5,2,1,175084,8853526,0.019775624
548,20,Greece,5,2,2,59353,8853526,0.006703883
549,21,Greece,6,1,1,351176,8853526,0.039665101
550,22,Greece,6,1,2,101685,8853526,0.011485255
551,23,Greece,6,2,1,459491,8853526,0.051899209
552,24,Greece,6,2,2,133049,8853526,0.015027798
553,25,Greece,7,1,1,198014,8853526,0.022365552
554,26,Greece,7,1,2,24312,8853526,0.002746025
555,27,Greece,7,2,1,133484,8853526,0.015076931
556,28,Greece,7,2,2,16389,8853526,0.001851127
557,29,Greece,8,1,1,135166,8853526,0.015266912
558,30,Greece,8,1,2,140444,8853526,0.015863058
559,31,Greece,8,2,1,151748,8853526,0.017139838
560,32,Greece,8,2,2,157673,8853526,0.017809063
561,33,Greece,9,1,1,90567,8853526,0.010229484
562,34,Greece,9,1,2,52697,8853526,0.005952092
563,35,Greece,9,2,1,407054,8853526,0.045976484
564,36,Greece,9,2,2,236845,8853526,0.026751489
565,37,Greece,10,1,1,153782,8853526,0.017369577
566,38,Greece,10,1,2,62552,8853526,0.007065208
567,39,Greece,10,2,1,427749,8853526,0.048313971
568,40,Greece,10,2,2,173991,8853526,0.01965217
569,41,Greece,11,1,1,214427,8853526,0.02421939
570,42,Greece,11,1,2,50018,8853526,0.005649501
571,43,Greece,11,2,1,382434,8853526,0.043195671
572,44,Greece,11,2,2,89209,8853526,0.010076098
573,45,Greece,12,1,1,408612,8853526,0.046152459
574,46,Greece,12,1,2,73462,8853526,0.008297485
575,47,Greece,12,2,1,700522,8853526,0.079123504
576,48,Greece,12,2,2,125943,8853526,0.01422518
577,1,Hungary,1,1,1,163121,8059458,0.020239699
578,2,Hungary,1,1,2,7848,8059458,0.000973763
579,3,Hungary,1,2,1,210229,8059458,0.026084757
580,4,Hungary,1,2,2,10114,8059458,0.001254923
581,5,Hungary,2,1,1,309189,8059458,0.038363498
582,6,Hungary,2,1,2,102287,8059458,0.012691548
583,7,Hungary,2,2,1,172073,8059458,0.021350443
584,8,Hungary,2,2,2,56926,8059458,0.007063254
585,9,Hungary,3,1,1,106746,8059458,0.013244811
586,10,Hungary,3,1,2,35348,8059458,0.004385903
587,11,Hungary,3,2,1,479009,8059458,0.059434394
588,12,Hungary,3,2,2,158622,8059458,0.019681472
589,13,Hungary,4,1,1,224498,8059458,0.027855223
590,14,Hungary,4,1,2,51804,8059458,0.006427728
591,15,Hungary,4,2,1,326158,8059458,0.040468974
592,16,Hungary,4,2,2,75262,8059458,0.009338345
593,17,Hungary,5,1,1,239339,8059458,0.029696662
594,18,Hungary,5,1,2,49556,8059458,0.006148801
595,19,Hungary,5,2,1,250088,8059458,0.031030374
596,20,Hungary,5,2,2,51781,8059458,0.006424874
597,21,Hungary,6,1,1,286599,8059458,0.03556058
598,22,Hungary,6,1,2,65051,8059458,0.008071386
599,23,Hungary,6,2,1,297356,8059458,0.036895285
600,24,Hungary,6,2,2,67493,8059458,0.008374384
601,25,Hungary,7,1,1,179198,8059458,0.022234498
602,26,Hungary,7,1,2,13371,8059458,0.001659045
603,27,Hungary,7,2,1,163095,8059458,0.020236472
604,28,Hungary,7,2,2,12169,8059458,0.001509903
605,29,Hungary,8,1,1,185871,8059458,0.023062469
606,30,Hungary,8,1,2,107184,8059458,0.013299157
607,31,Hungary,8,2,1,195059,8059458,0.024202496
608,32,Hungary,8,2,2,112482,8059458,0.013956522
609,33,Hungary,9,1,1,142031,8059458,0.017622897
610,34,Hungary,9,1,2,69262,8059458,0.008593878
611,35,Hungary,9,2,1,367859,8059458,0.045643144
612,36,Hungary,9,2,2,179389,8059458,0.022258197
613,37,Hungary,10,1,1,226820,8059458,0.028143332
614,38,Hungary,10,1,2,80425,8059458,0.009978959
615,39,Hungary,10,2,1,274982,8059458,0.034119168
616,40,Hungary,10,2,2,97502,8059458,0.012097836
617,41,Hungary,11,1,1,123274,8059458,0.01529557
618,42,Hungary,11,1,2,29121,8059458,0.00361327
619,43,Hungary,11,2,1,430544,8059458,0.053420962
620,44,Hungary,11,2,2,101708,8059458,0.012619707
621,45,Hungary,12,1,1,417193,8059458,0.051764399
622,46,Hungary,12,1,2,89478,8059458,0.011102235
623,47,Hungary,12,2,1,547514,8059458,0.067934345
624,48,Hungary,12,2,2,117430,8059458,0.014570459
625,1,Ireland,1,1,1,111374,3702058,0.030084348
626,2,Ireland,1,1,2,21507,3702058,0.005809471
627,3,Ireland,1,2,1,69377,3702058,0.018740117
628,4,Ireland,1,2,2,13397,3702058,0.003618798
629,5,Ireland,2,1,1,33478,3702058,0.009043078
630,6,Ireland,2,1,2,36358,3702058,0.009821024
631,7,Ireland,2,2,1,112708,3702058,0.030444688
632,8,Ireland,2,2,2,122403,3702058,0.033063501
633,9,Ireland,3,1,1,140546,3702058,0.037964289
634,10,Ireland,3,1,2,132028,3702058,0.035663407
635,11,Ireland,3,2,1,54461,3702058,0.014711007
636,12,Ireland,3,2,2,51161,3702058,0.013819611
637,13,Ireland,4,1,1,127627,3702058,0.034474608
638,14,Ireland,4,1,2,84972,3702058,0.022952639
639,15,Ireland,4,2,1,68403,3702058,0.01847702
640,16,Ireland,4,2,2,45542,3702058,0.012301806
641,17,Ireland,5,1,1,148854,3702058,0.040208446
642,18,Ireland,5,1,2,61033,3702058,0.016486235
643,19,Ireland,5,2,1,39082,3702058,0.010556831
644,20,Ireland,5,2,2,16024,3702058,0.004328403
645,21,Ireland,6,1,1,137975,3702058,0.03726981
646,22,Ireland,6,1,2,49238,3702058,0.01330017
647,23,Ireland,6,2,1,101007,3702058,0.027284013
648,24,Ireland,6,2,2,36045,3702058,0.009736476
649,25,Ireland,7,1,1,109310,3702058,0.02952682
650,26,Ireland,7,1,2,34453,3702058,0.009306445
651,27,Ireland,7,2,1,47793,3702058,0.012909846
652,28,Ireland,7,2,2,15064,3702058,0.004069088
653,29,Ireland,8,1,1,67430,3702058,0.018214193
654,30,Ireland,8,1,2,101253,3702058,0.027350463
655,31,Ireland,8,2,1,59308,3702058,0.016020278
656,32,Ireland,8,2,2,89057,3702058,0.024056079
657,33,Ireland,9,1,1,119466,3702058,0.032270159
658,34,Ireland,9,1,2,171666,3702058,0.046370424
659,35,Ireland,9,2,1,43408,3702058,0.01172537
660,36,Ireland,9,2,2,62375,3702058,0.016848737
661,37,Ireland,10,1,1,163523,3702058,0.044170837
662,38,Ireland,10,1,2,137639,3702058,0.03717905
663,39,Ireland,10,2,1,15891,3702058,0.004292477
664,40,Ireland,10,2,2,13376,3702058,0.003613125
665,41,Ireland,11,1,1,145421,3702058,0.039281124
666,42,Ireland,11,1,2,72291,3702058,0.019527247
667,43,Ireland,11,2,1,35226,3702058,0.009515248
668,44,Ireland,11,2,2,17512,3702058,0.004730342
669,45,Ireland,12,1,1,175988,3702058,0.047537883
670,46,Ireland,12,1,2,71451,3702058,0.019300346
671,47,Ireland,12,2,1,84322,3702058,0.022777061
672,48,Ireland,12,2,2,34235,3702058,0.009247559
673,1,Italy,1,1,1,623060,50665952,0.01229741
674,2,Italy,1,1,2,35972,50665952,0.000709984
675,3,Italy,1,2,1,1441438,50665952,0.028449836
676,4,Italy,1,2,2,83221,50665952,0.001642543
677,5,Italy,2,1,1,1891315,50665952,0.037329112
678,6,Italy,2,1,2,520261,50665952,0.010268454
679,7,Italy,2,2,1,733138,50665952,0.014470033
680,8,Italy,2,2,2,201671,50665952,0.003980405
681,9,Italy,3,1,1,2217482,50665952,0.043766709
682,10,Italy,3,1,2,506992,50665952,0.010006562
683,11,Italy,3,2,1,1088147,50665952,0.021476888
684,12,Italy,3,2,2,248788,50665952,0.004910359
685,13,Italy,4,1,1,2056518,50665952,0.040589744
686,14,Italy,4,1,2,335450,50665952,0.006620817
687,15,Italy,4,2,1,2088171,50665952,0.041214483
688,16,Italy,4,2,2,340613,50665952,0.00672272
689,17,Italy,5,1,1,2615816,50665952,0.051628676
690,18,Italy,5,1,2,387014,50665952,0.007638542
691,19,Italy,5,2,1,865707,50665952,0.017086563
692,20,Italy,5,2,2,128083,50665952,0.00252799
693,21,Italy,6,1,1,3308143,50665952,0.065293217
694,22,Italy,6,1,2,474503,50665952,0.009365323
695,23,Italy,6,2,1,1932697,50665952,0.038145874
696,24,Italy,6,2,2,277216,50665952,0.005471446
697,25,Italy,7,1,1,932418,50665952,0.018403246
698,26,Italy,7,1,2,83882,50665952,0.001655589
699,27,Italy,7,2,1,890375,50665952,0.017573439
700,28,Italy,7,2,2,80100,50665952,0.001580943
701,29,Italy,8,1,1,1377942,50665952,0.027196607
702,30,Italy,8,1,2,711200,50665952,0.01403704
703,31,Italy,8,2,1,755108,50665952,0.014903658
704,32,Italy,8,2,2,389735,50665952,0.007692247
705,33,Italy,9,1,1,2116862,50665952,0.04178076
706,34,Italy,9,1,2,796420,50665952,0.015719038
707,35,Italy,9,2,1,834556,50665952,0.016471732
708,36,Italy,9,2,2,313982,50665952,0.006197101
709,37,Italy,10,1,1,3032841,50665952,0.059859548
710,38,Italy,10,1,2,638880,50665952,0.012609652
711,39,Italy,10,2,1,1045847,50665952,0.020642008
712,40,Italy,10,2,2,220312,50665952,0.004348324
713,41,Italy,11,1,1,2583378,50665952,0.050988443
714,42,Italy,11,1,2,389686,50665952,0.00769128
715,43,Italy,11,2,1,1124782,50665952,0.022199958
716,44,Italy,11,2,2,169666,50665952,0.003348718
717,45,Italy,12,1,1,4753980,50665952,0.093829876
718,46,Italy,12,1,2,613001,50665952,0.012098875
719,47,Italy,12,2,1,2134367,50665952,0.042126259
720,48,Italy,12,2,2,275216,50665952,0.005431971
721,1,Latvia,1,1,1,26293,1432669,0.01835246
722,2,Latvia,1,1,2,2077,1432669,0.001449742
723,3,Latvia,1,2,1,32330,1432669,0.022566273
724,4,Latvia,1,2,2,2554,1432669,0.001782687
725,5,Latvia,2,1,1,10455,1432669,0.007297568
726,6,Latvia,2,1,2,4479,1432669,0.003126333
727,7,Latvia,2,2,1,84247,1432669,0.058804232
728,8,Latvia,2,2,2,36093,1432669,0.025192839
729,9,Latvia,3,1,1,69986,1432669,0.048850083
730,10,Latvia,3,1,2,27109,1432669,0.018922026
731,11,Latvia,3,2,1,21779,1432669,0.015201697
732,12,Latvia,3,2,2,8436,1432669,0.005888311
733,13,Latvia,4,1,1,82395,1432669,0.05751154
734,14,Latvia,4,1,2,21393,1432669,0.01493227
735,15,Latvia,4,2,1,17116,1432669,0.011946933
736,16,Latvia,4,2,2,4444,1432669,0.003101903
737,17,Latvia,5,1,1,89372,1432669,0.062381471
738,18,Latvia,5,1,2,23030,1432669,0.016074892
739,19,Latvia,5,2,1,6492,1432669,0.004531403
740,20,Latvia,5,2,2,1673,1432669,0.001167751
741,21,Latvia,6,1,1,53576,1432669,0.037395937
742,22,Latvia,6,1,2,14467,1432670,0.010097929
743,23,Latvia,6,2,1,47476,1432671,0.033138104
744,24,Latvia,6,2,2,12820,1432672,0.008948315
745,25,Latvia,7,1,1,6038,1432669,0.004214512
746,26,Latvia,7,1,2,856,1432669,0.000597486
747,27,Latvia,7,2,1,45654,1432669,0.031866398
748,28,Latvia,7,2,2,6470,1432669,0.004516047
749,29,Latvia,8,1,1,26438,1432669,0.018453669
750,30,Latvia,8,1,2,30762,1432669,0.021471812
751,31,Latvia,8,2,1,32508,1432669,0.022690517
752,32,Latvia,8,2,2,37826,1432669,0.02640247
753,33,Latvia,9,1,1,27799,1432669,0.019403645
754,34,Latvia,9,1,2,29148,1432669,0.020345244
755,35,Latvia,9,2,1,34181,1432669,0.023858267
756,36,Latvia,9,2,2,35841,1432669,0.025016944
757,37,Latvia,10,1,1,49975,1432669,0.034882447
758,38,Latvia,10,1,2,28863,1432669,0.020146314
759,39,Latvia,10,2,1,36439,1432669,0.025434347
760,40,Latvia,10,2,2,21045,1432669,0.014689366
761,41,Latvia,11,1,1,42998,1432669,0.030012515
762,42,Latvia,11,1,2,18575,1432669,0.012965312
763,43,Latvia,11,2,1,62156,1432669,0.043384759
764,44,Latvia,11,2,2,26851,1432669,0.018741942
765,45,Latvia,12,1,1,80699,1432669,0.056327735
766,46,Latvia,12,1,2,30965,1432669,0.021613506
767,47,Latvia,12,2,1,107558,1432669,0.075075262
768,48,Latvia,12,2,2,41271,1432669,0.028807073
769,1,Lithuania,1,1,1,77805,2294379,0.033911137
770,2,Lithuania,1,1,2,6363,2294379,0.002773299
771,3,Lithuania,1,2,1,25571,2294379,0.011145064
772,4,Lithuania,1,2,2,2091,2294379,0.000911358
773,5,Lithuania,2,1,1,40688,2294379,0.017733775
774,6,Lithuania,2,1,2,35488,2294379,0.015467366
775,7,Lithuania,2,2,1,62539,2294379,0.027257484
776,8,Lithuania,2,2,2,54546,2294379,0.023773753
777,9,Lithuania,3,1,1,51878,2294379,0.022610911
778,10,Lithuania,3,1,2,38922,2294379,0.016964067
779,11,Lithuania,3,2,1,46702,2294379,0.020354963
780,12,Lithuania,3,2,2,35038,2294379,0.015271235
781,13,Lithuania,4,1,1,68557,2294379,0.029880416
782,14,Lithuania,4,1,2,21230,2294379,0.009253048
783,15,Lithuania,4,2,1,78440,2294379,0.0341879
784,16,Lithuania,4,2,2,24290,2294379,0.010586743
785,17,Lithuania,5,1,1,101435,2294379,0.04421022
786,18,Lithuania,5,1,2,30760,2294379,0.013406678
787,19,Lithuania,5,2,1,39098,2294379,0.017040777
788,20,Lithuania,5,2,2,11856,2294379,0.005167411
789,21,Lithuania,6,1,1,72124,2294379,0.031435085
790,22,Lithuania,6,1,2,21215,2294379,0.009246511
791,23,Lithuania,6,2,1,71817,2294379,0.03130128
792,24,Lithuania,6,2,2,21125,2294379,0.009207284
793,25,Lithuania,7,1,1,34621,2294379,0.015089486
794,26,Lithuania,7,1,2,5776,2294379,0.002517457
795,27,Lithuania,7,2,1,55262,2294379,0.02408582
796,28,Lithuania,7,2,2,9220,2294379,0.004018517
797,29,Lithuania,8,1,1,5916,2294379,0.002578475
798,30,Lithuania,8,1,2,11100,2294379,0.00483791
799,31,Lithuania,8,2,1,56071,2294379,0.024438421
800,32,Lithuania,8,2,2,105211,2294379,0.045855981
801,33,Lithuania,9,1,1,16352,2294379,0.007126983
802,34,Lithuania,9,1,2,21177,2294379,0.009229948
803,35,Lithuania,9,2,1,57802,2294379,0.025192874
804,36,Lithuania,9,2,2,74857,2294379,0.032626257
805,37,Lithuania,10,1,1,52849,2294379,0.023034119
806,38,Lithuania,10,1,2,39659,2294379,0.017285287
807,39,Lithuania,10,2,1,66453,2294379,0.028963393
808,40,Lithuania,10,2,2,49867,2294379,0.021734421
809,41,Lithuania,11,1,1,51573,2294379,0.022477978
810,42,Lithuania,11,1,2,28458,2294379,0.012403356
811,43,Lithuania,11,2,1,94544,2294379,0.041206793
812,44,Lithuania,11,2,2,52169,2294379,0.022737743
813,45,Lithuania,12,1,1,100446,2294379,0.043779166
814,46,Lithuania,12,1,2,45254,2294379,0.019723856
815,47,Lithuania,12,2,1,151781,2294379,0.066153412
816,48,Lithuania,12,2,2,68383,2294379,0.029804579
817,1,Luxembourg,1,1,1,17975,495947,0.036243792
818,2,Luxembourg,1,1,2,3103,495947,0.006256717
819,3,Luxembourg,1,2,1,4726,495947,0.009529244
820,4,Luxembourg,1,2,2,816,495947,0.001645337
821,5,Luxembourg,2,1,1,8138,495947,0.016409011
822,6,Luxembourg,2,1,2,7989,495947,0.016108576
823,7,Luxembourg,2,2,1,15964,495947,0.032188923
824,8,Luxembourg,2,2,2,15671,495947,0.031598134
825,9,Luxembourg,3,1,1,17207,495947,0.03469524
826,10,Luxembourg,3,1,2,18100,495947,0.036495835
827,11,Luxembourg,3,2,1,5987,495947,0.012071854
828,12,Luxembourg,3,2,2,6298,495947,0.012698938
829,13,Luxembourg,4,1,1,19875,495947,0.040074847
830,14,Luxembourg,4,1,2,13323,495947,0.026863758
831,15,Luxembourg,4,2,1,8981,495947,0.01810879
832,16,Luxembourg,4,2,2,6020,495947,0.012138394
833,17,Luxembourg,5,1,1,16178,495947,0.032620421
834,18,Luxembourg,5,1,2,6497,495947,0.01310019
835,19,Luxembourg,5,2,1,11073,495947,0.022326983
836,20,Luxembourg,5,2,2,4447,495947,0.008966684
837,21,Luxembourg,6,1,1,19450,495947,0.0392179
838,22,Luxembourg,6,1,2,7995,495947,0.016120674
839,23,Luxembourg,6,2,1,8801,495947,0.017745848
840,24,Luxembourg,6,2,2,3617,495947,0.007293118
841,25,Luxembourg,7,1,1,11712,495947,0.023615427
842,26,Luxembourg,7,1,2,2595,495947,0.005232414
843,27,Luxembourg,7,2,1,9042,495947,0.018231787
844,28,Luxembourg,7,2,2,2003,495947,0.004038738
845,29,Luxembourg,8,1,1,16325,495947,0.032916824
846,30,Luxembourg,8,1,2,22480,495947,0.045327424
847,31,Luxembourg,8,2,1,3122,495947,0.006295027
848,32,Luxembourg,8,2,2,4300,495947,0.008670281
849,33,Luxembourg,9,1,1,12243,495947,0.024686106
850,34,Luxembourg,9,1,2,15128,495947,0.030503259
851,35,Luxembourg,9,2,1,8644,495947,0.017429282
852,36,Luxembourg,9,2,2,10681,495947,0.021536575
853,37,Luxembourg,10,1,1,19978,495947,0.04028253
854,38,Luxembourg,10,1,2,11566,495947,0.02332104
855,39,Luxembourg,10,2,1,8318,495947,0.016771953
856,40,Luxembourg,10,2,2,4816,495947,0.009710715
857,41,Luxembourg,11,1,1,16621,495947,0.033513662
858,42,Luxembourg,11,1,2,5926,495947,0.011948857
859,43,Luxembourg,11,2,1,10188,495947,0.020542518
860,44,Luxembourg,11,2,2,3632,495947,0.007323363
861,45,Luxembourg,12,1,1,25280,495947,0.050973189
862,46,Luxembourg,12,1,2,7807,495947,0.015741601
863,47,Luxembourg,12,2,1,11697,495947,0.023585181
864,48,Luxembourg,12,2,2,3612,495947,0.007283036
865,1,Malta,1,1,1,5092,393719,0.012933082
866,2,Malta,1,1,2,957,393719,0.002430668
867,3,Malta,1,2,1,13525,393719,0.034351911
868,4,Malta,1,2,2,2541,393719,0.006453841
869,5,Malta,2,1,1,20797,393719,0.052821936
870,6,Malta,2,1,2,11788,393719,0.029940135
871,7,Malta,2,2,1,8348,393719,0.021202939
872,8,Malta,2,2,2,4731,393719,0.012016184
873,9,Malta,3,1,1,13606,393719,0.034557641
874,10,Malta,3,1,2,5127,393719,0.013021978
875,11,Malta,3,2,1,15080,393719,0.038301428
876,12,Malta,3,2,2,5682,393719,0.014431612
877,13,Malta,4,1,1,2336,393719,0.005933166
878,14,Malta,4,1,2,627,393719,0.001592506
879,15,Malta,4,2,1,21361,393719,0.05425443
880,16,Malta,4,2,2,5733,393719,0.014561146
881,17,Malta,5,1,1,9879,393719,0.025091499
882,18,Malta,5,1,2,1432,393719,0.003637112
883,19,Malta,5,2,1,17313,393719,0.043972986
884,20,Malta,5,2,2,2510,393719,0.006375105
885,21,Malta,6,1,1,12247,393719,0.031105941
886,22,Malta,6,1,2,1681,393719,0.004269542
887,23,Malta,6,2,1,24649,393719,0.062605564
888,24,Malta,6,2,2,3383,393719,0.008592423
889,25,Malta,7,1,1,10287,393719,0.026127771
890,26,Malta,7,1,2,2506,393719,0.006364946
891,27,Malta,7,2,1,5450,393719,0.01384236
892,28,Malta,7,2,2,1328,393719,0.003372964
893,29,Malta,8,1,1,17686,393719,0.044920362
894,30,Malta,8,1,2,14149,393719,0.035936798
895,31,Malta,8,2,1,4503,393719,0.011437091
896,32,Malta,8,2,2,3602,393719,0.009148657
897,33,Malta,9,1,1,4209,393719,0.010690365
898,34,Malta,9,1,2,1986,393719,0.005044207
899,35,Malta,9,2,1,19487,393719,0.04949469
900,36,Malta,9,2,2,9195,393719,0.02335422
901,37,Malta,10,1,1,4276,393719,0.010860538
902,38,Malta,10,1,2,1330,393719,0.003378044
903,39,Malta,10,2,1,16933,393719,0.04300783
904,40,Malta,10,2,2,5266,393719,0.013375021
905,41,Malta,11,1,1,7741,393719,0.01966123
906,42,Malta,11,1,2,608,393719,0.001544249
907,43,Malta,11,2,1,20561,393719,0.052222524
908,44,Malta,11,2,2,1615,393719,0.00410191
909,45,Malta,12,1,1,8070,393719,0.020496852
910,46,Malta,12,1,2,590,393719,0.001498531
911,47,Malta,12,2,1,38660,393719,0.098191858
912,48,Malta,12,2,2,2827,393719,0.007180248
913,1,Netherlands,1,1,1,159956,13922216,0.011489263
914,2,Netherlands,1,1,2,22091,13922216,0.001586745
915,3,Netherlands,1,2,1,516651,13922216,0.037109825
916,4,Netherlands,1,2,2,71352,13922216,0.005125046
917,5,Netherlands,2,1,1,79953,13922216,0.005742836
918,6,Netherlands,2,1,2,59756,13922216,0.004292133
919,7,Netherlands,2,2,1,556679,13922216,0.039984942
920,8,Netherlands,2,2,2,416058,13922216,0.029884467
921,9,Netherlands,3,1,1,302127,13922216,0.021701071
922,10,Netherlands,3,1,2,214895,13922216,0.015435402
923,11,Netherlands,3,2,1,298125,13922216,0.021413617
924,12,Netherlands,3,2,2,212048,13922216,0.015230909
925,13,Netherlands,4,1,1,139149,13922216,0.009994745
926,14,Netherlands,4,1,2,75086,13922216,0.005393251
927,15,Netherlands,4,2,1,678284,13922216,0.048719543
928,16,Netherlands,4,2,2,366008,13922216,0.026289493
929,17,Netherlands,5,1,1,425614,13922216,0.030570852
930,18,Netherlands,5,1,2,206130,13922216,0.014805833
931,19,Netherlands,5,2,1,357644,13922216,0.025688727
932,20,Netherlands,5,2,2,173212,13922216,0.01244141
933,21,Netherlands,6,1,1,539006,13922216,0.038715532
934,22,Netherlands,6,1,2,229606,13922216,0.016492058
935,23,Netherlands,6,2,1,533919,13922216,0.038350145
936,24,Netherlands,6,2,2,227439,13922216,0.016336408
937,25,Netherlands,7,1,1,502623,13922216,0.036102227
938,26,Netherlands,7,1,2,110658,13922216,0.007948304
939,27,Netherlands,7,2,1,107098,13922216,0.007692597
940,28,Netherlands,7,2,2,23579,13922216,0.001693624
941,29,Netherlands,8,1,1,196410,13922216,0.014107668
942,30,Netherlands,8,1,2,216918,13922216,0.015580709
943,31,Netherlands,8,2,1,319801,13922216,0.022970553
944,32,Netherlands,8,2,2,353193,13922216,0.025369022
945,33,Netherlands,9,1,1,71485,13922216,0.005134599
946,34,Netherlands,9,1,2,62665,13922216,0.004501079
947,35,Netherlands,9,2,1,477101,13922216,0.034269042
948,36,Netherlands,9,2,2,418234,13922216,0.030040764
949,37,Netherlands,10,1,1,329960,13922216,0.02370025
950,38,Netherlands,10,1,2,163512,13922216,0.011744682
951,39,Netherlands,10,2,1,508560,13922216,0.036528668
952,40,Netherlands,10,2,2,252017,13922216,0.018101788
953,41,Netherlands,11,1,1,141733,13922216,0.010180348
954,42,Netherlands,11,1,2,48533,13922216,0.003486011
955,43,Netherlands,11,2,1,726672,13922216,0.052195139
956,44,Netherlands,11,2,2,248833,13922216,0.017873089
957,45,Netherlands,12,1,1,711879,13922216,0.051132593
958,46,Netherlands,12,1,2,190713,13922216,0.013698466
959,47,Netherlands,12,2,1,693470,13922216,0.049810318
960,48,Netherlands,12,2,2,185781,13922216,0.013344212
961,1,Poland,1,1,1,574885,31072510,0.018501402
962,2,Poland,1,1,2,36101,31072510,0.001161831
963,3,Poland,1,2,1,794808,31072510,0.025579137
964,4,Poland,1,2,2,49911,31072510,0.001606275
965,5,Poland,2,1,1,995898,31072510,0.032050774
966,6,Poland,2,1,2,508908,31072510,0.016378078
967,7,Poland,2,2,1,877859,31072510,0.02825195
968,8,Poland,2,2,2,448590,31072510,0.014436877
969,9,Poland,3,1,1,1385159,31072510,0.044578278
970,10,Poland,3,1,2,686795,31072510,0.022102978
971,11,Poland,3,2,1,656016,31072510,0.021112424
972,12,Poland,3,2,2,325268,31072510,0.010468031
973,13,Poland,4,1,1,1569239,31072510,0.050502486
974,14,Poland,4,1,2,353461,31072510,0.01137536
975,15,Poland,4,2,1,351923,31072510,0.011325863
976,16,Poland,4,2,2,79268,31072510,0.002551065
977,17,Poland,5,1,1,1087276,31072510,0.034991573
978,18,Poland,5,1,2,158774,31072510,0.00510979
979,19,Poland,5,2,1,1085282,31072510,0.0349274
980,20,Poland,5,2,2,158483,31072510,0.005100425
981,21,Poland,6,1,1,1179684,31072510,0.03796552
982,22,Poland,6,1,2,187176,31072510,0.006023846
983,23,Poland,6,2,1,1112742,31072510,0.03581114
984,24,Poland,6,2,2,176555,31072510,0.005682032
985,25,Poland,7,1,1,552648,31072510,0.017785753
986,26,Poland,7,1,2,83555,31072510,0.002689033
987,27,Poland,7,2,1,659687,31072510,0.021230567
988,28,Poland,7,2,2,99738,31072510,0.003209847
989,29,Poland,8,1,1,323595,31072510,0.010414189
990,30,Poland,8,1,2,375442,31072510,0.01208277
991,31,Poland,8,2,1,936768,31072510,0.030147806
992,32,Poland,8,2,2,1086859,31072510,0.034978153
993,33,Poland,9,1,1,599481,31072510,0.01929297
994,34,Poland,9,1,2,523298,31072510,0.016841189
995,35,Poland,9,2,1,987491,31072510,0.031780213
996,36,Poland,9,2,2,861998,31072510,0.027741499
997,37,Poland,10,1,1,702461,31072510,0.022607153
998,38,Poland,10,1,2,267369,31072510,0.00860468
999,39,Poland,10,2,1,1006549,31072510,0.032393553
1000,40,Poland,10,2,2,383110,31072510,0.012329548
1001,41,Poland,11,1,1,1201003,31072510,0.038651625
1002,42,Poland,11,1,2,257447,31072510,0.008285362
1003,43,Poland,11,2,1,1053646,31072510,0.033909266
1004,44,Poland,11,2,2,225860,31072510,0.007268804
1005,45,Poland,12,1,1,1915402,31072510,0.061642976
1006,46,Poland,12,1,2,370696,31072510,0.011930031
1007,47,Poland,12,2,1,1473226,31072510,0.04741252
1008,48,Poland,12,2,2,285120,31072510,0.009175956
1009,1,Portugal,1,1,1,34586,8542832,0.00404854
1010,2,Portugal,1,1,2,3781,8542832,0.000442593
1011,3,Portugal,1,2,1,317097,8542832,0.037118487
1012,4,Portugal,1,2,2,34668,8542832,0.004058139
1013,5,Portugal,2,1,1,36777,8542832,0.004305013
1014,6,Portugal,2,1,2,12736,8542832,0.001490841
1015,7,Portugal,2,2,1,375453,8542832,0.043949477
1016,8,Portugal,2,2,2,130024,8542832,0.015220245
1017,9,Portugal,3,1,1,234738,8542832,0.027477773
1018,10,Portugal,3,1,2,78042,8542832,0.009135378
1019,11,Portugal,3,2,1,298339,8542832,0.034922728
1020,12,Portugal,3,2,2,99187,8542832,0.011610553
1021,13,Portugal,4,1,1,389936,8542832,0.045644817
1022,14,Portugal,4,1,2,79144,8542832,0.009264375
1023,15,Portugal,4,2,1,210647,8542832,0.024657748
1024,16,Portugal,4,2,2,42754,8542832,0.005004664
1025,17,Portugal,5,1,1,187815,8542832,0.021985098
1026,18,Portugal,5,1,2,25334,8542832,0.002965527
1027,19,Portugal,5,2,1,388031,8542832,0.045421823
1028,20,Portugal,5,2,2,52342,8542832,0.006127008
1029,21,Portugal,6,1,1,646518,8542832,0.075679587
1030,22,Portugal,6,1,2,78343,8542832,0.009170612
1031,23,Portugal,6,2,1,187738,8542832,0.021976085
1032,24,Portugal,6,2,2,22750,8542832,0.002663051
1033,25,Portugal,7,1,1,187890,8542832,0.021993877
1034,26,Portugal,7,1,2,43726,8542832,0.005118443
1035,27,Portugal,7,2,1,119728,8542832,0.014015025
1036,28,Portugal,7,2,2,27863,8542832,0.003261565
1037,29,Portugal,8,1,1,171590,8542832,0.020085845
1038,30,Portugal,8,1,2,136188,8542832,0.015941786
1039,31,Portugal,8,2,1,145331,8542832,0.01701204
1040,32,Portugal,8,2,2,115346,8542832,0.01350208
1041,33,Portugal,9,1,1,429021,8542832,0.050219997
1042,34,Portugal,9,1,2,267570,8542832,0.031320995
1043,35,Portugal,9,2,1,49261,8542832,0.005766355
1044,36,Portugal,9,2,2,30723,8542832,0.003596348
1045,37,Portugal,10,1,1,397624,8542832,0.046544752
1046,38,Portugal,10,1,2,124005,8542832,0.014515678
1047,39,Portugal,10,2,1,214390,8542832,0.025095893
1048,40,Portugal,10,2,2,66861,8542832,0.007826561
1049,41,Portugal,11,1,1,547964,8542832,0.064143132
1050,42,Portugal,11,1,2,106283,8542832,0.01244119
1051,43,Portugal,11,2,1,75315,8542832,0.008816163
1052,44,Portugal,11,2,2,14608,8542832,0.001709972
1053,45,Portugal,12,1,1,828047,8542832,0.096928864
1054,46,Portugal,12,1,2,125466,8542832,0.014686699
1055,47,Portugal,12,2,1,305033,8542832,0.035706309
1056,48,Portugal,12,2,2,46219,8542832,0.005410267
1057,1,Romania,1,1,1,406059,15754679,0.025773867
1058,2,Romania,1,1,2,17115,15754679,0.001086344
1059,3,Romania,1,2,1,301465,15754679,0.01913495
1060,4,Romania,1,2,2,12706,15754679,0.000806491
1061,5,Romania,2,1,1,203308,15754679,0.012904611
1062,6,Romania,2,1,2,56779,15754679,0.003603945
1063,7,Romania,2,2,1,808735,15754679,0.051333004
1064,8,Romania,2,2,2,225859,15754679,0.014335995
1065,9,Romania,3,1,1,782926,15754679,0.049694824
1066,10,Romania,3,1,2,203094,15754679,0.012891027
1067,11,Romania,3,2,1,405137,15754679,0.025715345
1068,12,Romania,3,2,2,105094,15754679,0.006670653
1069,13,Romania,4,1,1,429763,15754679,0.027278436
1070,14,Romania,4,1,2,64364,15754679,0.004085389
1071,15,Romania,4,2,1,847927,15754679,0.053820646
1072,16,Romania,4,2,2,126990,15754679,0.008060463
1073,17,Romania,5,1,1,603761,15754679,0.038322647
1074,18,Romania,5,1,2,66200,15754679,0.004201926
1075,19,Romania,5,2,1,452897,15754679,0.028746825
1076,20,Romania,5,2,2,49658,15754679,0.003151953
1077,21,Romania,6,1,1,744568,15754679,0.047260119
1078,22,Romania,6,1,2,77360,15754679,0.004910287
1079,23,Romania,6,2,1,570609,15754679,0.036218383
1080,24,Romania,6,2,2,59286,15754679,0.003763073
1081,25,Romania,7,1,1,568157,15754679,0.036062747
1082,26,Romania,7,1,2,37923,15754679,0.002407094
1083,27,Romania,7,2,1,88650,15754679,0.0056269
1084,28,Romania,7,2,2,5917,15754679,0.000375571
1085,29,Romania,8,1,1,489093,15754679,0.031044301
1086,30,Romania,8,1,2,191997,15754679,0.012186665
1087,31,Romania,8,2,1,363110,15754679,0.023047756
1088,32,Romania,8,2,2,142541,15754679,0.009047534
1089,33,Romania,9,1,1,229419,15754679,0.01456196
1090,34,Romania,9,1,2,75756,15754679,0.004808476
1091,35,Romania,9,2,1,840369,15754679,0.053340915
1092,36,Romania,9,2,2,277498,15754679,0.017613688
1093,37,Romania,10,1,1,431672,15754679,0.027399606
1094,38,Romania,10,1,2,74255,15754679,0.004713203
1095,39,Romania,10,2,1,760481,15754679,0.048270168
1096,40,Romania,10,2,2,130815,15754679,0.008303248
1097,41,Romania,11,1,1,378481,15754679,0.024023403
1098,42,Romania,11,1,2,37712,15754679,0.002393702
1099,43,Romania,11,2,1,789010,15754679,0.050080995
1100,44,Romania,11,2,2,78618,15754679,0.004990137
1101,45,Romania,12,1,1,1339740,15754679,0.085037594
1102,46,Romania,12,1,2,105545,15754679,0.00669928
1103,47,Romania,12,2,1,645414,15754679,0.040966496
1104,48,Romania,12,2,2,50846,15754679,0.003227359
1105,1,Slovakia,1,1,1,100848,4437313,0.022727268
1106,2,Slovakia,1,1,2,9386,4437313,0.002115244
1107,3,Slovakia,1,2,1,92623,4437313,0.020873668
1108,4,Slovakia,1,2,2,8620,4437313,0.001942617
1109,5,Slovakia,2,1,1,149263,4437313,0.03363815
1110,6,Slovakia,2,1,2,63860,4437313,0.014391592
1111,7,Slovakia,2,2,1,137090,4437313,0.030894823
1112,8,Slovakia,2,2,2,58652,4437313,0.013217909
1113,9,Slovakia,3,1,1,84672,4437313,0.019081818
1114,10,Slovakia,3,1,2,23120,4437313,0.00521036
1115,11,Slovakia,3,2,1,277242,4437313,0.062479703
1116,12,Slovakia,3,2,2,75702,4437313,0.017060325
1117,13,Slovakia,4,1,1,223053,4437313,0.050267583
1118,14,Slovakia,4,1,2,39024,4437313,0.008794511
1119,15,Slovakia,4,2,1,90592,4437313,0.020415959
1120,16,Slovakia,4,2,2,15849,4437313,0.003571756
1121,17,Slovakia,5,1,1,58526,4437313,0.013189514
1122,18,Slovakia,5,1,2,11148,4437313,0.002512331
1123,19,Slovakia,5,2,1,232374,4437313,0.052368179
1124,20,Slovakia,5,2,2,44262,4437313,0.009974956
1125,21,Slovakia,6,1,1,155791,4437313,0.035109311
1126,22,Slovakia,6,1,2,30544,4437313,0.006883445
1127,23,Slovakia,6,2,1,133076,4437313,0.029990222
1128,24,Slovakia,6,2,2,26091,4437313,0.00587991
1129,25,Slovakia,7,1,1,105725,4437313,0.023826356
1130,26,Slovakia,7,1,2,17289,4437313,0.003896277
1131,27,Slovakia,7,2,1,67558,4437313,0.01522498
1132,28,Slovakia,7,2,2,11048,4437313,0.002489795
1133,29,Slovakia,8,1,1,112695,4437313,0.025397127
1134,30,Slovakia,8,1,2,91405,4437313,0.020599178
1135,31,Slovakia,8,2,1,103504,4437313,0.023325828
1136,32,Slovakia,8,2,2,83951,4437313,0.018919332
1137,33,Slovakia,9,1,1,90988,4437313,0.020505202
1138,34,Slovakia,9,1,2,40369,4437313,0.009097623
1139,35,Slovakia,9,2,1,209978,4437313,0.04732098
1140,36,Slovakia,9,2,2,93161,4437313,0.020994913
1141,37,Slovakia,10,1,1,176369,4437313,0.039746802
1142,38,Slovakia,10,1,2,45596,4437313,0.010275588
1143,39,Slovakia,10,2,1,113823,4437313,0.025651334
1144,40,Slovakia,10,2,2,29426,4437313,0.006631491
1145,41,Slovakia,11,1,1,129343,4437313,0.029148947
1146,42,Slovakia,11,1,2,23198,4437313,0.005227939
1147,43,Slovakia,11,2,1,188927,4437313,0.042576893
1148,44,Slovakia,11,2,2,33884,4437313,0.007636153
1149,45,Slovakia,12,1,1,215240,4437313,0.048506833
1150,46,Slovakia,12,1,2,34740,4437313,0.007829062
1151,47,Slovakia,12,2,1,239097,4437313,0.053883285
1152,48,Slovakia,12,2,2,38591,4437313,0.00869693
1153,1,Slovenia,1,1,1,54677,1711987,0.031937743
1154,2,Slovenia,1,1,2,4329,1711987,0.002528641
1155,3,Slovenia,1,2,1,13150,1711987,0.007681133
1156,4,Slovenia,1,2,2,1041,1711987,0.000608065
1157,5,Slovenia,2,1,1,65082,1711987,0.038015476
1158,6,Slovenia,2,1,2,27686,1711987,0.016171852
1159,7,Slovenia,2,2,1,28198,1711987,0.016470919
1160,8,Slovenia,2,2,2,11995,1711987,0.007006478
1161,9,Slovenia,3,1,1,61980,1711987,0.036203546
1162,10,Slovenia,3,1,2,29088,1711987,0.016990783
1163,11,Slovenia,3,2,1,49722,1711987,0.029043445
1164,12,Slovenia,3,2,2,23335,1711987,0.013630361
1165,13,Slovenia,4,1,1,98918,1711987,0.057779644
1166,14,Slovenia,4,1,2,33198,1711987,0.019391502
1167,15,Slovenia,4,2,1,17024,1711987,0.009944001
1168,16,Slovenia,4,2,2,5713,1711987,0.003337058
1169,17,Slovenia,5,1,1,100886,1711987,0.058929186
1170,18,Slovenia,5,1,2,23197,1711987,0.013549752
1171,19,Slovenia,5,2,1,19298,1711987,0.011272282
1172,20,Slovenia,5,2,2,4437,1711987,0.002591725
1173,21,Slovenia,6,1,1,96534,1711987,0.05638711
1174,22,Slovenia,6,1,2,22909,1711987,0.013381527
1175,23,Slovenia,6,2,1,45551,1711987,0.026607095
1176,24,Slovenia,6,2,2,10810,1711987,0.0063143
1177,25,Slovenia,7,1,1,46617,1711987,0.027229763
1178,26,Slovenia,7,1,2,5667,1711987,0.003310189
1179,27,Slovenia,7,2,1,12738,1711987,0.007440477
1180,28,Slovenia,7,2,2,1549,1711987,0.000904797
1181,29,Slovenia,8,1,1,26643,1711987,0.015562618
1182,30,Slovenia,8,1,2,30128,1711987,0.017598264
1183,31,Slovenia,8,2,1,29406,1711987,0.017176532
1184,32,Slovenia,8,2,2,33253,1711987,0.019423629
1185,33,Slovenia,9,1,1,55148,1711987,0.032212861
1186,34,Slovenia,9,1,2,54238,1711987,0.031681315
1187,35,Slovenia,9,2,1,18783,1711987,0.010971462
1188,36,Slovenia,9,2,2,18473,1711987,0.010790386
1189,37,Slovenia,10,1,1,63800,1711987,0.037266638
1190,38,Slovenia,10,1,2,30659,1711987,0.01790843
1191,39,Slovenia,10,2,1,35051,1711987,0.02047387
1192,40,Slovenia,10,2,2,16844,1711987,0.00983886
1193,41,Slovenia,11,1,1,77755,1711987,0.045417985
1194,42,Slovenia,11,1,2,24020,1711987,0.01403048
1195,43,Slovenia,11,2,1,34681,1711987,0.020257747
1196,44,Slovenia,11,2,2,10714,1711987,0.006258225
1197,45,Slovenia,12,1,1,131244,1711987,0.076661797
1198,46,Slovenia,12,1,2,33610,1711987,0.019632158
1199,47,Slovenia,12,2,1,57486,1711987,0.033578526
1200,48,Slovenia,12,2,2,14722,1711987,0.008599364
1201,1,Spain,1,1,1,1029591,38588988,0.026680954
1202,2,Spain,1,1,2,173935,38588988,0.004507374
1203,3,Spain,1,2,1,380301,38588988,0.009855169
1204,4,Spain,1,2,2,64247,38588988,0.001664905
1205,5,Spain,2,1,1,752900,38588988,0.019510747
1206,6,Spain,2,1,2,469149,38588988,0.012157588
1207,7,Spain,2,2,1,891598,38588988,0.023104985
1208,8,Spain,2,2,2,555575,38588988,0.014397242
1209,9,Spain,3,1,1,926705,38588988,0.024014753
1210,10,Spain,3,1,2,602530,38588988,0.01561404
1211,11,Spain,3,2,1,1334447,38588988,0.034581031
1212,12,Spain,3,2,2,867637,38588988,0.022484057
1213,13,Spain,4,1,1,1040746,38588988,0.026970026
1214,14,Spain,4,1,2,530878,38588988,0.013757241
1215,15,Spain,4,2,1,1435890,38588988,0.037209838
1216,16,Spain,4,2,2,732439,38588988,0.018980518
1217,17,Spain,5,1,1,1073056,38588988,0.027807311
1218,18,Spain,5,1,2,381283,38588988,0.009880617
1219,19,Spain,5,2,1,1121067,38588988,0.029051474
1220,20,Spain,5,2,2,398342,38588988,0.010322686
1221,21,Spain,6,1,1,1488451,38588988,0.038571911
1222,22,Spain,6,1,2,472244,38588988,0.012237792
1223,23,Spain,6,2,1,1509130,38588988,0.039107789
1224,24,Spain,6,2,2,478805,38588988,0.012407814
1225,25,Spain,7,1,1,704687,38588988,0.01826135
1226,26,Spain,7,1,2,173494,38588988,0.004495946
1227,27,Spain,7,2,1,552040,38588988,0.014305636
1228,28,Spain,7,2,2,135912,38588988,0.003522041
1229,29,Spain,8,1,1,955920,38588988,0.024771834
1230,30,Spain,8,1,2,959881,38588988,0.02487448
1231,31,Spain,8,2,1,370111,38588988,0.009591104
1232,32,Spain,8,2,2,371645,38588988,0.009630856
1233,33,Spain,9,1,1,1581287,38588988,0.040977675
1234,34,Spain,9,1,2,1518287,38588988,0.039345085
1235,35,Spain,9,2,1,301044,38588988,0.007801293
1236,36,Spain,9,2,2,289050,38588988,0.007490479
1237,37,Spain,10,1,1,1942389,38588988,0.050335318
1238,38,Spain,10,1,2,1110173,38588988,0.028769166
1239,39,Spain,10,2,1,419783,38588988,0.010878311
1240,40,Spain,10,2,2,239928,38588988,0.006217525
1241,41,Spain,11,1,1,1848681,38588988,0.047906957
1242,42,Spain,11,1,2,584653,38588988,0.015150773
1243,43,Spain,11,2,1,511917,38588988,0.013265883
1244,44,Spain,11,2,2,161896,38588988,0.004195394
1245,45,Spain,12,1,1,2355215,38588988,0.061033345
1246,46,Spain,12,1,2,541519,38588988,0.014032993
1247,47,Spain,12,2,1,1828187,38588988,0.047375873
1248,48,Spain,12,2,2,420343,38588988,0.010892823
1249,1,Sweden,1,1,1,101748,8072738,0.012603902
1250,2,Sweden,1,1,2,12691,8072738,0.001572081
1251,3,Sweden,1,2,1,281471,8072738,0.034866857
1252,4,Sweden,1,2,2,35108,8072738,0.004348958
1253,5,Sweden,2,1,1,190137,8072738,0.023552975
1254,6,Sweden,2,1,2,129162,8072738,0.015999776
1255,7,Sweden,2,2,1,247783,8072738,0.030693799
1256,8,Sweden,2,2,2,168321,8072738,0.020850547
1257,9,Sweden,3,1,1,155382,8072738,0.019247745
1258,10,Sweden,3,1,2,127673,8072738,0.015815328
1259,11,Sweden,3,2,1,202491,8072738,0.025083311
1260,12,Sweden,3,2,2,166381,8072738,0.020610232
1261,13,Sweden,4,1,1,85028,8072738,0.010532734
1262,14,Sweden,4,1,2,41548,8072738,0.005146705
1263,15,Sweden,4,2,1,373698,8072738,0.046291357
1264,16,Sweden,4,2,2,182603,8072738,0.022619711
1265,17,Sweden,5,1,1,294306,8072738,0.036456776
1266,18,Sweden,5,1,2,103333,8072738,0.012800242
1267,19,Sweden,5,2,1,138991,8072738,0.017217331
1268,20,Sweden,5,2,2,48801,8072738,0.006045161
1269,21,Sweden,6,1,1,364823,8072738,0.045191978
1270,22,Sweden,6,1,2,128562,8072738,0.015925452
1271,23,Sweden,6,2,1,334124,8072738,0.041389179
1272,24,Sweden,6,2,2,117744,8072738,0.014585386
1273,25,Sweden,7,1,1,142382,8072738,0.017637386
1274,26,Sweden,7,1,2,27139,8072738,0.003361809
1275,27,Sweden,7,2,1,185549,8072738,0.022984643
1276,28,Sweden,7,2,2,35367,8072738,0.004381041
1277,29,Sweden,8,1,1,158733,8072738,0.019662845
1278,30,Sweden,8,1,2,194950,8072738,0.02414918
1279,31,Sweden,8,2,1,153659,8072738,0.01903431
1280,32,Sweden,8,2,2,188718,8072738,0.023377199
1281,33,Sweden,9,1,1,127101,8072738,0.015744472
1282,34,Sweden,9,1,2,192093,8072738,0.023795272
1283,35,Sweden,9,2,1,121383,8072738,0.015036162
1284,36,Sweden,9,2,2,183451,8072738,0.022724756
1285,37,Sweden,10,1,1,139187,8072738,0.01724161
1286,38,Sweden,10,1,2,117308,8072738,0.014531377
1287,39,Sweden,10,2,1,220759,8072738,0.027346236
1288,40,Sweden,10,2,2,186058,8072738,0.023047695
1289,41,Sweden,11,1,1,269258,8072738,0.033353987
1290,42,Sweden,11,1,2,173270,8072738,0.021463598
1291,43,Sweden,11,2,1,82795,8072738,0.010256124
1292,44,Sweden,11,2,2,53279,8072738,0.006599867
1293,45,Sweden,12,1,1,268344,8072738,0.033240767
1294,46,Sweden,12,1,2,153112,8072738,0.018966551
1295,47,Sweden,12,2,1,424641,8072738,0.052601856
1296,48,Sweden,12,2,2,242293,8072738,0.030013733
1297,1,United Kingdom,1,1,1,314711,52542181,0.005989683
1298,2,United Kingdom,1,1,2,86336,52542181,0.001643175
1299,3,United Kingdom,1,2,1,1977390,52542181,0.037634334
1300,4,United Kingdom,1,2,2,542467,52542181,0.01032441
1301,5,United Kingdom,2,1,1,1304468,52542181,0.024827062
1302,6,United Kingdom,2,1,2,1060312,52542181,0.020180205
1303,7,United Kingdom,2,2,1,1196535,52542181,0.022772846
1304,8,United Kingdom,2,2,2,972581,52542181,0.01851048
1305,9,United Kingdom,3,1,1,172968,52542181,0.003291984
1306,10,United Kingdom,3,1,2,149055,52542181,0.002836864
1307,11,United Kingdom,3,2,1,2063220,52542181,0.039267879
1308,12,United Kingdom,3,2,2,1777976,52542181,0.033839022
1309,13,United Kingdom,4,1,1,141654,52542181,0.002696005
1310,14,United Kingdom,4,1,2,88493,52542181,0.001684228
1311,15,United Kingdom,4,2,1,2625737,52542181,0.049973887
1312,16,United Kingdom,4,2,2,1640332,52542181,0.031219336
1313,17,United Kingdom,5,1,1,2042818,52542181,0.038879581
1314,18,United Kingdom,5,1,2,1036825,52542181,0.019733193
1315,19,United Kingdom,5,2,1,585956,52542181,0.011152107
1316,20,United Kingdom,5,2,2,297400,52542181,0.005660214
1317,21,United Kingdom,6,1,1,2141077,52542181,0.040749679
1318,22,United Kingdom,6,1,2,1065605,52542181,0.020280943
1319,23,United Kingdom,6,2,1,1597655,52542181,0.030407093
1320,24,United Kingdom,6,2,2,795146,52542181,0.015133479
1321,25,United Kingdom,7,1,1,1342731,52542181,0.025555296
1322,26,United Kingdom,7,1,2,463467,52542181,0.008820856
1323,27,United Kingdom,7,2,1,708811,52542181,0.013490323
1324,28,United Kingdom,7,2,2,244659,52542181,0.00465643
1325,29,United Kingdom,8,1,1,859599,52542181,0.01636017
1326,30,United Kingdom,8,1,2,910672,52542181,0.017332208
1327,31,United Kingdom,8,2,1,1314946,52542181,0.025026483
1328,32,United Kingdom,8,2,2,1393073,52542181,0.026513422
1329,33,United Kingdom,9,1,1,744913,52542181,0.014177428
1330,34,United Kingdom,9,1,2,836556,52542181,0.015921608
1331,35,United Kingdom,9,2,1,1248829,52542181,0.023768123
1332,36,United Kingdom,9,2,2,1402467,52542181,0.026692211
1333,37,United Kingdom,10,1,1,673318,52542181,0.012814809
1334,38,United Kingdom,10,1,2,489093,52542181,0.009308578
1335,39,United Kingdom,10,2,1,2008486,52542181,0.038226163
1336,40,United Kingdom,10,2,2,1458949,52542181,0.027767195
1337,41,United Kingdom,11,1,1,1535346,52542181,0.029221208
1338,42,United Kingdom,11,1,2,828803,52542181,0.01577405
1339,43,United Kingdom,11,2,1,1130766,52542181,0.021521109
1340,44,United Kingdom,11,2,2,610405,52542181,0.011617428
1341,45,United Kingdom,12,1,1,2667724,52542181,0.050772997
1342,46,United Kingdom,12,1,2,1349141,52542181,0.025677293
1343,47,United Kingdom,12,2,1,1755105,52542181,0.033403733
1344,48,United Kingdom,12,2,2,887605,52542181,0.016893189
1345,1,Other country,1,1,1,85501,7012732,0.012192253
1346,2,Other country,1,1,2,85501,7012732,0.012192253
1347,3,Other country,1,2,1,85501,7012732,0.012192253
1348,4,Other country,1,2,2,85501,7012732,0.012192253
1349,5,Other country,2,1,1,148777,7012732,0.02121527
1350,6,Other country,2,1,2,148777,7012732,0.02121527
1351,7,Other country,2,2,1,148777,7012732,0.02121527
1352,8,Other country,2,2,2,148777,7012732,0.02121527
1353,9,Other country,3,1,1,150280,7012732,0.021429594
1354,10,Other country,3,1,2,150280,7012732,0.021429594
1355,11,Other country,3,2,1,150280,7012732,0.021429594
1356,12,Other country,3,2,2,150280,7012732,0.021429594
1357,13,Other country,4,1,1,162711,7012732,0.023202227
1358,14,Other country,4,1,2,162711,7012732,0.023202227
1359,15,Other country,4,2,1,162711,7012732,0.023202227
1360,16,Other country,4,2,2,162711,7012732,0.023202227
1361,17,Other country,5,1,1,139718,7012732,0.019923476
1362,18,Other country,5,1,2,139718,7012732,0.019923476
1363,19,Other country,5,2,1,139718,7012732,0.019923476
1364,20,Other country,5,2,2,139718,7012732,0.019923476
1365,21,Other country,6,1,1,175699,7012732,0.025054287
1366,22,Other country,6,1,2,175699,7012732,0.025054287
1367,23,Other country,6,2,1,175699,7012732,0.025054287
1368,24,Other country,6,2,2,175699,7012732,0.025054287
1369,25,Other country,7,1,1,80167,7012732,0.011431636
1370,26,Other country,7,1,2,80167,7012732,0.011431636
1371,27,Other country,7,2,1,80167,7012732,0.011431636
1372,28,Other country,7,2,2,80167,7012732,0.011431636
1373,29,Other country,8,1,1,145168,7012732,0.020700634
1374,30,Other country,8,1,2,145168,7012732,0.020700634
1375,31,Other country,8,2,1,145168,7012732,0.020700634
1376,32,Other country,8,2,2,145168,7012732,0.020700634
1377,33,Other country,9,1,1,147843,7012732,0.021082083
1378,34,Other country,9,1,2,147843,7012732,0.021082083
1379,35,Other country,9,2,1,147843,7012732,0.021082083
1380,36,Other country,9,2,2,147843,7012732,0.021082083
1381,37,Other country,10,1,1,160238,7012732,0.022849583
1382,38,Other country,10,1,2,160238,7012732,0.022849583
1383,39,Other country,10,2,1,160238,7012732,0.022849583
1384,40,Other country,10,2,2,160238,7012732,0.022849583
1385,41,Other country,11,1,1,138847,7012732,0.019799274
1386,42,Other country,11,1,2,138847,7012732,0.019799274
1387,43,Other country,11,2,1,138847,7012732,0.019799274
1388,44,Other country,11,2,2,138847,7012732,0.019799274
1389,45,Other country,12,1,1,218234,7012732,0.031119683
1390,46,Other country,12,1,2,218234,7012732,0.031119683
1391,47,Other country,12,2,1,218234,7012732,0.031119683
1392,48,Other country,12,2,2,218234,7012732,0.031119683
